<?xml version="1.0" encoding="UTF-8"?>
<project-private xmlns="http://www.netbeans.org/ns/project-private/1">
    <editor-bookmarks xmlns="http://www.netbeans.org/ns/editor-bookmarks/2" lastBookmarkId="0"/>
    <open-files xmlns="http://www.netbeans.org/ns/projectui-open-files/2">
        <group>
            <file>file:/E:/MPLab/Projects/LabFinal.X/Main.h</file>
            <file>file:/E:/MPLab/Projects/LabFinal.X/Fan_Support.c</file>
            <file>file:/E:/MPLab/Projects/LabFinal.X/Main_Screen.c</file>
            <file>file:/E:/MPLab/Projects/LabFinal.X/nbproject/Makefile-default.mk</file>
            <file>file:/E:/MPLab/Projects/LabFinal.X/LabFinal.c</file>
            <file>file:/E:/MPLab/Projects/LabFinal.X/Fan_Support.h</file>
        </group>
    </open-files>
</project-private>
